trading_name,longitude,latitude,clue_small_area,venue_count,indoor_seats,outdoor_seats,total_seats
Darac,144.962074258,-37.8090975,Melbourne (CBD),1,44,6,50
Zawaddi,144.959996913,-37.80914342,Melbourne (CBD),1,117,22,139
Temple Arden,144.945468682,-37.80085798,North Melbourne,1,40,0,40
Curry Vault,144.960522489,-37.81642893,Melbourne (CBD),1,60,14,74
Treviso,144.960642239,-37.81669009,Melbourne (CBD),1,85,26,111
Haymarket Place,144.958998433,-37.80052523,Carlton,1,47,10,57
Seven Seeds,144.959127095,-37.8028778,Carlton,1,90,16,106
Vespa Rossa,144.964466115,-37.81529155,Melbourne (CBD),1,88,14,102
The Terrace,144.980372356,-37.83016975,Melbourne (Remainder),2,281,282,563
The Humble Goat,144.938522996,-37.79589356,North Melbourne,1,15,4,19
Lane's Edge Cafe,144.97204722,-37.81193572,Melbourne (CBD),1,26,82,108
Thaibaan,144.97179666,-37.81200666,Melbourne (CBD),1,70,0,70
Spaghetti Tree,144.971565871,-37.81212537,Melbourne (CBD),1,280,0,280
Magpie Nest Cafe,144.971449909,-37.81227428,Melbourne (CBD),1,150,0,150
Fancy Hank's / Good Heavens,144.97104042,-37.81217956,Melbourne (CBD),2,206,0,206
Beef Rice Noodle Bar,144.970902899,-37.812234,Melbourne (CBD),2,121,2,123
Heng Thai Local Food Hall,144.969463785,-37.81301069,Melbourne (CBD),1,100,0,100
Ishizuka,144.969165311,-37.81279907,Melbourne (CBD),1,16,0,16
Meating Korean BBQ,144.969042212,-37.81278439,Melbourne (CBD),1,80,0,80
Dohtonbori,144.968972072,-37.81280567,Melbourne (CBD),1,24,0,24
Nana Thai Style Hotpot & Bbq,144.968563153,-37.81294598,Melbourne (CBD),1,63,0,63
Thai Tide,144.96849715,-37.81296416,Melbourne (CBD),1,100,0,100
Taco Bill Mexican Restaurant,144.96841676,-37.81298798,Melbourne (CBD),2,97,0,97
8848 Momo House,144.96776365,-37.81316936,Melbourne (CBD),1,45,0,45
KFC,144.967526278,-37.81323955,Melbourne (CBD),1,50,0,50
Vapiano Bourke Street Mall,144.965407423,-37.81386024,Melbourne (CBD),1,253,0,253
Aru Melbourne,144.965235638,-37.81423669,Melbourne (CBD),1,110,0,110
Caffe E Torta,144.96404895,-37.81458812,Melbourne (CBD),1,28,28,56
Brothers & Co,144.962207824,-37.81510975,Melbourne (CBD),2,68,0,68
Cafe Felice,144.96018858,-37.81547268,Melbourne (CBD),1,14,40,54
Doughboys Doughnuts,144.957813206,-37.81636534,Melbourne (CBD),1,12,24,36
Axil Coffee Roasters,144.957017939,-37.81647428,Melbourne (CBD),1,80,0,80
Ca Fe In Melbourne,144.956668779,-37.81651426,Melbourne (CBD),2,73,36,109
Spin Coffee,144.955552859,-37.81677365,Melbourne (CBD),1,25,30,55
La Cucina Melbourne,144.954814617,-37.81601898,Melbourne (CBD),1,78,0,78
Brightside Bagels,144.955325332,-37.81622847,Melbourne (CBD),1,20,0,20
filly and fair,144.95610726,-37.81571392,Melbourne (CBD),2,108,119,227
Bluestones 520 Cafe,144.958386484,-37.81527349,Melbourne (CBD),1,70,16,86
Silk spoon,144.95876067,-37.81494883,Melbourne (CBD),6,382,0,382
Villas Restaurant & Bar,144.959196898,-37.81499761,Melbourne (CBD),1,60,8,68
B & Baguette Cafe,144.959379419,-37.8150902,Melbourne (CBD),1,16,8,24
CBD Bakery,144.95946409,-37.81506553,Melbourne (CBD),1,20,10,30
Corner & Bench,144.961491987,-37.8144361,Melbourne (CBD),1,32,40,72
McDonald's Bourke St West,144.961756204,-37.81416355,Melbourne (CBD),2,126,8,134
Shanghai Flower,144.962638938,-37.81411399,Melbourne (CBD),1,130,0,130
Ca De Vin,144.963287893,-37.81360425,Melbourne (CBD),3,52,198,250
Brunetti Myer Melbourne,144.963829469,-37.81344503,Melbourne (CBD),2,153,0,153
Squiseato,144.964398413,-37.81330938,Melbourne (CBD),1,40,0,40
Melbourne Dae Jang Geum Korean BBQ,144.9658365,-37.81296443,Melbourne (CBD),1,120,0,120
Mr Bo Restaurant,144.966295166,-37.81272047,Melbourne (CBD),3,150,0,150
Shaxian Snacks,144.966737509,-37.81291316,Melbourne (CBD),1,18,0,18
China Chilli,144.966876772,-37.81259409,Melbourne (CBD),6,573,10,583
Panda BBQ,144.967176975,-37.81265942,Melbourne (CBD),1,120,0,120
Pearl Chablis And Oyster Bar,144.967282791,-37.81244678,Melbourne (CBD),8,239,100,339
Udon Yasan,144.967688805,-37.81267583,Melbourne (CBD),1,35,0,35
Udon Izakaya Maedaya,144.968247927,-37.81251216,Melbourne (CBD),2,90,0,90
Momo Central,144.968385931,-37.81247257,Melbourne (CBD),1,20,0,20
White Tomato,144.968470149,-37.81244855,Melbourne (CBD),1,70,0,70
Ginza Teppanyaki Japanese Restaurant,144.968535908,-37.81206119,Melbourne (CBD),2,320,0,320
Yu Long Fu,144.968857274,-37.81199769,Melbourne (CBD),2,380,0,380
Tan Hot Pot,144.969182314,-37.81223835,Melbourne (CBD),1,76,0,76
Flower Drum,144.969264504,-37.81207094,Melbourne (CBD),1,150,0,150
Niku Ou,144.969777753,-37.81170307,Melbourne (CBD),2,170,0,170
sot,144.970170292,-37.81194604,Melbourne (CBD),1,70,0,70
Grossi Florentino,144.970847236,-37.81172969,Melbourne (CBD),1,210,54,264
Ombra,144.97094423,-37.81170263,Melbourne (CBD),1,75,11,86
Bottega Restaurant,144.971007419,-37.81168307,Melbourne (CBD),1,130,22,152
Martini With Mancini / Bossa Nova,144.971075461,-37.81166963,Melbourne (CBD),1,30,12,42
Pellegrini's Espresso Bar,144.971163378,-37.81165009,Melbourne (CBD),1,40,13,53
Taco Bill Mexican Restaurant,144.971688988,-37.81137727,Melbourne (CBD),1,81,12,93
Thong Thai,144.972362677,-37.811289,Melbourne (CBD),1,38,0,38
Recoleta,144.97255541,-37.81123539,Melbourne (CBD),2,52,24,76
Humble Rays,144.961410001,-37.80477948,Carlton,1,60,12,72
Cafe Tre Sette,144.961699343,-37.80322367,Carlton,1,42,24,66
Mr Bello,144.964279069,-37.80543863,Carlton,1,20,24,44
Woodside Green,144.964446103,-37.80486182,Carlton,1,18,18,36
Le Miel Et La Lune,144.966377828,-37.79685803,Carlton,1,35,8,43
Chargrilled Vietnamese Kitchen,144.965626451,-37.80132569,Carlton,2,74,21,95
Supper Inn Chinese Restaurant,144.96613017,-37.81188094,Melbourne (CBD),1,70,0,70
Heyday Hong Kong Cafe,144.966372569,-37.81181046,Melbourne (CBD),1,16,0,16
Cafe Vicolino,144.965474376,-37.81664468,Melbourne (CBD),2,116,42,158
Ojika Japanese,144.965596537,-37.8166033,Melbourne (CBD),4,103,34,137
Square & Compass,144.984112154,-37.80970434,East Melbourne,1,51,13,64
Albert & Grey Cafe,144.984140646,-37.81104846,East Melbourne,1,60,0,60
Yeonga,144.956922989,-37.80560474,North Melbourne,1,150,0,150
Gurkhas Cbd,144.968915174,-37.81104301,Melbourne (CBD),1,100,0,100
Sage And Grace - The Communitas Café,144.960593135,-37.79301729,Parkville,1,50,4,54
Howitt House,144.973720068,-37.81372701,Melbourne (CBD),1,28,0,28
Mamasita,144.973462178,-37.81377997,Melbourne (CBD),1,70,0,70
Dame Melbourne,144.972628037,-37.81430615,Melbourne (CBD),5,540,40,580
Asian Pavilion,144.972628037,-37.81430615,Melbourne (CBD),2,68,13,81
Grill Americano,144.970749785,-37.81492031,Melbourne (CBD),2,188,0,188
Il Solito Posto,144.970259785,-37.81468591,Melbourne (CBD),1,70,0,70
Philippe,144.970007274,-37.81473508,Melbourne (CBD),1,80,0,80
Liminal Melbourne,144.968755295,-37.81543178,Melbourne (CBD),2,262,0,262
Supernormal,144.968289135,-37.81563788,Melbourne (CBD),1,170,0,170
Box Seafood Restaurant,144.967706535,-37.81546677,Melbourne (CBD),1,80,20,100
Three Drops Espresso,144.966330378,-37.81584476,Melbourne (CBD),2,23,25,48
Brunetti Oro Flinders Lane,144.965651032,-37.81635062,Melbourne (CBD),1,300,20,320
Strozzi Restaurant,144.963253733,-37.81706704,Melbourne (CBD),1,90,32,122
Vapiano,144.962788805,-37.81722704,Melbourne (CBD),2,460,8,468
Cha Ching Eatery,144.96244181,-37.81728432,Melbourne (CBD),3,182,0,182
Collins Coffee House,144.961438973,-37.8173062,Melbourne (CBD),1,50,6,56
Natural History Bar & Grill,144.961222873,-37.81739636,Melbourne (CBD),1,150,0,150
Bluebag,144.961113101,-37.81745676,Melbourne (CBD),1,20,10,30
Greta,144.958548349,-37.8184145,Melbourne (CBD),3,127,28,155
Alluvial Restaurant,144.958118475,-37.81853877,Melbourne (CBD),2,250,0,250
Frankie Collins,144.956361856,-37.81880406,Melbourne (CBD),1,24,0,24
Chilli Everest,144.955210528,-37.81936788,Melbourne (CBD),2,130,8,138
Southern Xross Kebabs,144.954350485,-37.81867544,Melbourne (CBD),2,56,0,56
Il Mercato Centrale,144.955844585,-37.81824464,Melbourne (CBD),2,1341,60,1401
Pho Nung,144.956834754,-37.81767359,Melbourne (CBD),2,48,0,48
Kantina Kartel,144.957473189,-37.81753383,Melbourne (CBD),3,259,130,389
At The George,144.958333858,-37.81753764,Melbourne (CBD),2,75,38,113
Macchiato On Collins,144.959442005,-37.81730302,Melbourne (CBD),1,34,0,34
People's Coffee,144.959762275,-37.81703239,Melbourne (CBD),1,60,0,60
N Lee Bakery,144.959996443,-37.81679183,Melbourne (CBD),1,20,0,20
Uncle Noodle,144.96031189,-37.8169991,Melbourne (CBD),1,20,0,20
Taco Bill Collins Street,144.960488995,-37.81698961,Melbourne (CBD),1,80,0,80
The Bank On Collins,144.961045391,-37.81666775,Melbourne (CBD),1,100,0,100
Reine & La Rue,144.961718566,-37.81629382,Melbourne (CBD),3,249,29,278
Code Black,144.962184393,-37.81615528,Melbourne (CBD),4,172,10,182
East Side Story,144.962688973,-37.81601764,Melbourne (CBD),2,108,0,108
Le Petit Chateau,144.964428319,-37.81561893,Melbourne (CBD),3,109,52,161
Bistrot d'Orsay,144.967277747,-37.81485585,Melbourne (CBD),1,50,12,62
Teppanyaki Inn,144.967453704,-37.81479918,Melbourne (CBD),1,70,0,70
Meatmaiden,144.967847532,-37.81450301,Melbourne (CBD),1,100,0,100
St Ali Canteen,144.972472392,-37.81346244,Melbourne (CBD),1,28,14,42
Market Lane Coffee,144.973257507,-37.81314231,Melbourne (CBD),1,34,10,44
Alf's Cafe,144.982663953,-37.84633593,Melbourne (Remainder),3,302,192,494
Oli & Levi,144.969254282,-37.81302823,Melbourne (CBD),1,15,0,15
Sichuan House,144.968324899,-37.8109979,Melbourne (CBD),1,98,0,98
Little Ivy Tea And Coffee,144.95601867,-37.80337398,North Melbourne,1,16,6,22
Becco,144.971014127,-37.81143018,Melbourne (CBD),1,100,33,133
Matilda 159,144.981451767,-37.83428436,South Yarra,1,50,20,70
Botanical Hotel,144.981699536,-37.83431735,South Yarra,2,205,95,300
Bacash,144.981945066,-37.83430008,South Yarra,1,100,24,124
Domain Brasserie,144.982036345,-37.83431435,South Yarra,2,66,44,110
The Golden Triangle Restaurant,144.982267428,-37.83435079,South Yarra,1,60,0,60
Doc Pizza & Mozarella Bar,144.968443765,-37.7989855,Carlton,1,60,40,100
Masani Italian Dining & Terrace,144.968491963,-37.79837995,Carlton,1,60,30,90
Vincent The Dog,144.969267888,-37.79777638,Carlton,1,18,37,55
Coffee On Drummond,144.968286814,-37.80482036,Carlton,1,18,6,24
Misty Pot Korean Grill,144.942620969,-37.80605115,West Melbourne (Residential),1,20,0,20
Sahara Restaurant,144.931523215,-37.79484451,Kensington,1,60,0,60
Abla's Restaurant,144.971058181,-37.79776853,Carlton,1,80,0,80
Sunhands,144.969295009,-37.79757961,Carlton,1,30,22,52
Tokyo Lamington,144.965533876,-37.79670704,Carlton,1,24,0,24
Qabail Restaurant,144.968164524,-37.79698294,Carlton,1,30,0,30
Bossa Nova Coffee And Friends,144.969391732,-37.79713752,Carlton,1,25,10,35
Pho Flinders Express,144.964607913,-37.81805665,Melbourne (CBD),1,38,0,38
McDonalds,144.964499543,-37.81782922,Melbourne (CBD),1,130,0,130
Hungry Jack's,144.964446552,-37.81771533,Melbourne (CBD),1,35,0,35
Nando's,144.964368397,-37.81754523,Melbourne (CBD),1,40,0,40
Oh! Pho,144.964331538,-37.81741877,Melbourne (CBD),1,73,0,73
Disciples of Epicurus,144.963497878,-37.81592157,Melbourne (CBD),3,161,22,183
Chiki Chiki,144.962707826,-37.81388737,Melbourne (CBD),1,10,20,30
Tropicana Juice Bar,144.962547924,-37.81354034,Melbourne (CBD),2,51,20,71
Waku Waku,144.962283023,-37.81321386,Melbourne (CBD),3,76,4,80
Mankeumi,144.96165032,-37.81190921,Melbourne (CBD),1,20,0,20
Oriental Spoon,144.961709344,-37.81179183,Melbourne (CBD),1,150,0,150
Little Fish And Rice Town,144.961673131,-37.81171289,Melbourne (CBD),1,200,0,200
Oski Snowice,144.961645358,-37.81165187,Melbourne (CBD),1,34,0,34
G2 Korean BBQ,144.961626692,-37.81161119,Melbourne (CBD),1,74,0,74
Shanghai Street On Elizabeth,144.961598787,-37.81155119,Melbourne (CBD),1,80,0,80
Pepper Lunch,144.961561283,-37.81146864,Melbourne (CBD),1,68,0,68
Paroro,144.961458918,-37.81122143,Melbourne (CBD),1,122,0,122
Isshin Ramen Bar,144.961208102,-37.81067436,Melbourne (CBD),1,39,0,39
Lanzhou Beef Noodle Bar,144.960849507,-37.8100143,Melbourne (CBD),3,170,0,170
Top Tea,144.960522599,-37.80918797,Melbourne (CBD),1,15,8,23
Biang Biang Elizabeth,144.96048906,-37.80911596,Melbourne (CBD),1,40,10,50
Shu Ramen Elizabeth,144.960424356,-37.80897533,Melbourne (CBD),1,32,6,38
Rose Garden Barbecue Shop,144.960343859,-37.8088586,Melbourne (CBD),2,58,24,82
Menya Ramen,144.96023688,-37.80880991,Melbourne (CBD),1,94,10,104
Malaysian Laksa House,144.960215796,-37.80856366,Melbourne (CBD),1,54,16,70
Pondok Rempah,144.959791631,-37.8076029,Melbourne (CBD),1,42,8,50
Jasper Kitchen,144.959633112,-37.80750344,Melbourne (CBD),1,65,6,71
McDonalds,144.959552564,-37.80735265,Melbourne (CBD),1,136,64,200
Dancing Flame Charcoal Grill,144.958291779,-37.80471151,North Melbourne,1,50,8,58
BBQ Brothers 10,144.958123243,-37.80460731,North Melbourne,1,76,12,88
I Wrap Cafe,144.958148416,-37.8044425,North Melbourne,1,24,6,30
Classic Curry Company,144.958143026,-37.80439443,North Melbourne,1,30,0,30
Sobo Japanese,144.956578445,-37.80009421,Parkville,4,339,155,494
More Tea,144.958240197,-37.80219264,Carlton,1,20,0,20
Arabesque,144.958614249,-37.80328692,Carlton,1,80,13,93
Lanzhou Beef Noodle Soup,144.959758676,-37.80579439,Carlton,1,36,0,36
Lost In Yunnan Elizabeth,144.960349763,-37.80719768,Melbourne (CBD),2,170,0,170
David's Master Pot,144.960624495,-37.80783746,Melbourne (CBD),2,107,20,127
Zhangliang Malatang,144.961006966,-37.8086289,Melbourne (CBD),1,32,0,32
Nene Chicken,144.961157281,-37.80894909,Melbourne (CBD),1,18,0,18
Damiao Panda Fan,144.961422563,-37.80953008,Melbourne (CBD),1,150,20,170
Bowltiful Halal Lanzhou Noodles,144.961451491,-37.80977164,Melbourne (CBD),1,60,0,60
Kata Kita,144.961747019,-37.80994879,Melbourne (CBD),3,165,8,173
Poke Bibimbap,144.962061274,-37.81084464,Melbourne (CBD),4,289,13,302
Street Taste,144.963742996,-37.81484304,Melbourne (CBD),1,24,7,31
Sal's Authentic New York Pizza,144.96496778,-37.81719024,Melbourne (CBD),1,32,0,32
KFC,144.964881593,-37.81729894,Melbourne (CBD),1,28,0,28
Desi Adda,144.96509495,-37.81763649,Melbourne (CBD),2,76,0,76
Local Folk Cafe,144.925609612,-37.79223674,Kensington,1,45,15,60
Manze,144.948978856,-37.80488638,North Melbourne,1,24,0,24
The Hot Poppy,144.948970536,-37.80473151,North Melbourne,1,16,30,46
Toast Kitchen Cafe,144.94904224,-37.80463699,North Melbourne,1,34,24,58
Cielo Gelateria,144.949079409,-37.80430342,North Melbourne,1,28,6,34
S & J Sushi Noodle Town,144.948881736,-37.80430161,North Melbourne,1,20,24,44
Char Siu House,144.949085065,-37.80412429,North Melbourne,1,38,12,50
Wonky Trolley,144.94904753,-37.80390823,North Melbourne,1,30,18,48
Bistro De Paris,144.949205167,-37.80360299,North Melbourne,1,32,10,42
Errol's Cafe,144.949083435,-37.80345572,North Melbourne,1,40,30,70
Snax Cafe,144.94928705,-37.80323404,North Melbourne,1,36,18,54
Fandango Cafe,144.949406198,-37.80260762,North Melbourne,1,16,12,28
Auction Rooms Cafe,144.949460849,-37.8024571,North Melbourne,1,104,28,132
Mörk Chocolate Brew House,144.950189192,-37.80154511,North Melbourne,1,20,20,40
Affinity On Errol,144.950095564,-37.80223499,North Melbourne,1,35,14,49
Flava Korean Bbq,144.950043914,-37.80411038,North Melbourne,1,70,0,70
KL Bunga Raya,144.949722464,-37.80435713,North Melbourne,1,30,15,45
Sosta Cucina,144.949568839,-37.80483255,North Melbourne,1,60,22,82
Arbutus,144.949580943,-37.80489365,North Melbourne,1,18,12,30
Le Petit Cafe,144.97204113,-37.81584246,Melbourne (CBD),2,37,0,37
The French Brasserie,144.971726206,-37.81546152,Melbourne (CBD),3,245,51,296
Askal Melbourne,144.970095605,-37.81170899,Melbourne (CBD),1,99,0,99
Happy Lamb Hot Pot,144.970047871,-37.8115871,Melbourne (CBD),1,100,0,100
Golden Delicious,144.969912284,-37.81128986,Melbourne (CBD),1,130,0,130
Yamato Japanese Restaurant,144.969584878,-37.81067091,Melbourne (CBD),1,50,0,50
Yang's Dumplings,144.969540361,-37.81058324,Melbourne (CBD),1,36,0,36
Pinto Thai Food,144.969520605,-37.81051104,Melbourne (CBD),1,20,0,20
Pepe's Italian & Liquor,144.968906571,-37.80938322,Melbourne (CBD),1,90,200,290
Papion Bites,144.968894912,-37.80907468,Melbourne (CBD),1,70,0,70
Famil Lee,144.968828365,-37.80893166,Melbourne (CBD),1,24,12,36
Noodle & Bbq,144.968724374,-37.80874125,Melbourne (CBD),1,28,0,28
Grandma's Dumplings,144.968704545,-37.80869914,Melbourne (CBD),1,44,6,50
Thailicious,144.968173143,-37.80752222,Melbourne (CBD),1,52,0,52
Barista Cafe,144.969975609,-37.80941489,Melbourne (CBD),1,52,0,52
Supagrind,144.97049616,-37.81055707,Melbourne (CBD),4,513,0,513
Bossley Bar & Restaurant,144.970645342,-37.81121462,Melbourne (CBD),1,172,40,212
Arlechin,144.970733249,-37.81151587,Melbourne (CBD),1,70,10,80
Antara 128,144.971175434,-37.81257803,Melbourne (CBD),1,80,10,90
Shakahari Vegetarian Restaurant,144.967802954,-37.79900338,Carlton,1,76,20,96
Ms Frankie Carlton,144.966726926,-37.79886072,Carlton,1,150,50,200
Di Stasio Pizzeria,144.966863457,-37.79829108,Carlton,1,170,0,170
Crinitis Southern Italian Cuisine,144.967837797,-37.79850637,Carlton,1,110,86,196
Yo-Chi Frozen Yogurt,144.968020718,-37.79844782,Carlton,1,40,20,60
The Carlton Wine Room,144.968585611,-37.79858383,Carlton,1,140,20,160
Gai Wong,144.955871244,-37.80140031,North Melbourne,1,40,18,58
Sinjeon,144.955200107,-37.80067768,North Melbourne,2,70,10,80
A Treat of France,144.955169656,-37.80032188,North Melbourne,1,32,4,36
Joe's Eatery,144.954318992,-37.7997297,North Melbourne,1,72,60,132
New Lanna Thai,144.954000416,-37.79936937,North Melbourne,2,102,16,118
Guzman Y Gomez,144.953791933,-37.79930773,North Melbourne,1,30,0,30
Jaspresso,144.952858592,-37.79856463,North Melbourne,1,30,20,50
Avist Cafe,144.952705279,-37.79844294,North Melbourne,1,40,34,74
Royal Kebab Cafe,144.948423728,-37.79508314,North Melbourne,1,15,0,15
Thyme Square,144.946696043,-37.79358681,North Melbourne,1,58,0,58
Aruba @ MCRI,144.949547006,-37.79372054,Parkville,7,369,20,389
Fonda Flinders Lane,144.9732924,-37.81489475,Melbourne (CBD),1,180,0,180
Cumulus Inc,144.97313454,-37.81494022,Melbourne (CBD),1,141,0,141
Cecconi's Flinders Lane,144.972512283,-37.81506474,Melbourne (CBD),1,180,12,192
Trinket,144.971392515,-37.81542975,Melbourne (CBD),2,180,0,180
Tazio,144.971222799,-37.81543505,Melbourne (CBD),1,302,20,322
Cafe Kinetic,144.970964282,-37.81556733,Melbourne (CBD),1,115,21,136
Bullrun on Bourke,144.970834339,-37.81560645,Melbourne (CBD),1,110,8,118
Father's Office Downtown,144.970513131,-37.81567008,Melbourne (CBD),1,169,0,169
Chin Chin Restaurant,144.970399793,-37.81568875,Melbourne (CBD),1,120,35,155
Meatball & Wine Bar,144.9701585,-37.81573536,Melbourne (CBD),1,53,36,89
Coda Bar & Restaurant,144.969879827,-37.81579783,Melbourne (CBD),1,60,0,60
Kisume,144.968676799,-37.81618641,Melbourne (CBD),1,150,0,150
Nomad,144.96837507,-37.81635789,Melbourne (CBD),1,130,0,130
Roule Galette,144.966302712,-37.81685974,Melbourne (CBD),1,24,12,36
Dukes Coffee Roasters,144.966170616,-37.81699341,Melbourne (CBD),1,18,0,18
The Journal Cafe,144.965902771,-37.81706291,Melbourne (CBD),3,144,94,238
Pa Tong,144.965484351,-37.81710105,Melbourne (CBD),4,176,81,257
Cuff,144.963490994,-37.81775826,Melbourne (CBD),1,100,20,120
Magic Momo Kafe On Flinders,144.963225776,-37.81784765,Melbourne (CBD),1,75,0,75
Ototo / Akai Ito,144.962854858,-37.81789895,Melbourne (CBD),1,170,0,170
Del Corso,144.962744469,-37.81786011,Melbourne (CBD),1,64,0,64
Tavistock House Cafe,144.961389009,-37.81825093,Melbourne (CBD),1,35,40,75
Mr Huang Jin,144.956601666,-37.81988483,Melbourne (CBD),6,318,2,320
Fishbowl,144.965962351,-37.81649503,Melbourne (CBD),1,16,0,16
Ginger Olive Restaurant and Grill,144.966200647,-37.81642646,Melbourne (CBD),1,90,40,130
Byblos Bar & Restaurant,144.953818379,-37.82273183,Docklands,4,442,106,548
Bababoi,144.952548545,-37.82290352,Docklands,4,92,104,196
Izakaya Hosaku,144.956435223,-37.82024711,Melbourne (CBD),1,34,0,34
Kebab Kingz Melbourne Pty Ltd,144.956883655,-37.82024345,Melbourne (CBD),1,18,0,18
K-Rib By Kass Kass,144.957828786,-37.81999599,Melbourne (CBD),1,56,0,56
Riverside Deli & Coffee House,144.958272108,-37.81974183,Melbourne (CBD),1,50,12,62
Upstanding Citizens Flinders,144.958601136,-37.81946849,Melbourne (CBD),1,40,0,40
Williams Bar & Café,144.959510539,-37.81943285,Melbourne (CBD),1,100,16,116
Sushi Lian,144.962709758,-37.81858716,Melbourne (CBD),1,27,0,27
Mr Tompkins,144.963575985,-37.8182001,Melbourne (CBD),1,85,0,85
Old Durbar Flinders,144.964353676,-37.81807489,Melbourne (CBD),1,87,0,87
Platform 270,144.965348361,-37.81769553,Melbourne (CBD),1,60,0,60
Grill'd,144.965626331,-37.8176078,Melbourne (CBD),2,55,48,103
Howm,144.965997298,-37.81752037,Melbourne (CBD),1,30,0,30
Flora Indian Restaurant & Cafe,144.966353165,-37.81733218,Melbourne (CBD),1,140,0,140
Toffee Cafe,144.968143252,-37.81673488,Melbourne (CBD),1,20,0,20
Movida Next Door,144.96908618,-37.81670922,Melbourne (CBD),3,158,0,158
Desi Dhaba,144.970430362,-37.81629562,Melbourne (CBD),1,90,0,90
Pastuso,144.971154413,-37.81600001,Melbourne (CBD),1,170,8,178
A Hereford Beefstouw,144.971370668,-37.81593915,Melbourne (CBD),1,120,0,120
Tonka Bar & Restaurant,144.971473485,-37.81589712,Melbourne (CBD),1,120,0,120
Arbory Bar and Eatery / Afloat,144.965469605,-37.81866337,Melbourne (CBD),2,78,375,453
Daily Delish,144.961762745,-37.80816922,Melbourne (CBD),1,35,0,35
Ichigo,144.959575429,-37.80904835,Melbourne (CBD),4,214,138,352
Wong's Lucky Bar,144.958936644,-37.80819713,Melbourne (CBD),1,74,0,74
George Street Cafe,144.988184298,-37.81575787,East Melbourne,1,30,24,54
Rare Steakhouse Midtown,144.960776854,-37.81338564,Melbourne (CBD),1,105,0,105
Leonardo's Pizza Palace,144.968597488,-37.80116198,Carlton,1,80,26,106
Shooter McGavins,144.965624121,-37.80080042,Carlton,1,12,30,42
Gyoza San,144.965103662,-37.80077102,Carlton,2,94,52,146
Best tian shan,144.963297148,-37.80058304,Carlton,1,80,12,92
Baretto Cafe,144.959280641,-37.80023307,Carlton,1,120,15,135
Schnitz Melbourne Connect,144.96482819,-37.7999972,Carlton,3,40,46,86
Kaprica,144.967880034,-37.80059699,Carlton,1,152,4,156
Brick Lane Cafe,144.959861129,-37.81146107,Melbourne (CBD),1,50,5,55
Fuwa,144.959978247,-37.81120131,Melbourne (CBD),1,34,0,34
Krimper,144.960127381,-37.81115719,Melbourne (CBD),1,80,0,80
Rice Paper Scissors,144.961405232,-37.8142907,Melbourne (CBD),1,45,32,77
Pandan Dessert Bar,144.961266412,-37.81398751,Melbourne (CBD),2,64,44,108
Miznon,144.960969734,-37.81338297,Melbourne (CBD),1,70,30,100
The Mill,144.960907958,-37.8132345,Melbourne (CBD),1,100,40,140
Amigos Hardware Lane,144.960866676,-37.8131434,Melbourne (CBD),1,60,40,100
Nimbo Pty Ltd,144.960393602,-37.81210735,Melbourne (CBD),1,14,6,20
Mjolner Melbourne,144.960680424,-37.81213605,Melbourne (CBD),1,80,0,80
Ten Square Cafe,144.960703187,-37.81194755,Melbourne (CBD),1,47,20,67
Hencho En Mexico,144.961106093,-37.81307029,Melbourne (CBD),1,82,28,110
Grill Steak Seafood,144.961167317,-37.81318202,Melbourne (CBD),1,190,60,250
Funghi e Tartufo,144.961214947,-37.81328955,Melbourne (CBD),1,64,20,84
Max On Hardware,144.961262261,-37.81339488,Melbourne (CBD),1,95,50,145
Apollo Cafe,144.946624618,-37.80784196,West Melbourne (Residential),1,44,20,64
Butcher Shop Cafe,144.945577948,-37.8080043,West Melbourne (Residential),1,10,8,18
Code Black Howard Street,144.953673523,-37.80422555,North Melbourne,1,70,26,96
Ample Cafe Bar,144.953696037,-37.80409478,North Melbourne,1,55,8,63
Le Bajo,144.954243272,-37.80509175,North Melbourne,1,28,24,52
Sassy Italian Restaurant,144.942416906,-37.80671459,West Melbourne (Residential),1,100,0,100
State Of Grace,144.956948504,-37.81975559,Melbourne (CBD),1,174,123,297
Saravanaa Bhavan Melbourne,144.955503913,-37.81708323,Melbourne (CBD),1,96,0,96
Woodo,144.955205085,-37.81596556,Melbourne (CBD),1,130,0,130
Chai 'N' Chilli,144.955174248,-37.81589843,Melbourne (CBD),1,25,0,25
King Jons,144.955149184,-37.81584127,Melbourne (CBD),1,47,6,53
Yankees Burger Bar,144.955124838,-37.81579101,Melbourne (CBD),1,100,0,100
Ssam Korean Bbq,144.95508151,-37.81569596,Melbourne (CBD),1,110,0,110
Bar Humbug,144.954969041,-37.81538903,Melbourne (CBD),2,146,0,146
Dosa Hut Melbourne CBD,144.954926555,-37.81529895,Melbourne (CBD),1,178,0,178
Taketori Fusion Japanese,144.954298289,-37.81392013,Melbourne (CBD),2,61,0,61
Zabb Nua,144.954262107,-37.81381086,Melbourne (CBD),1,30,0,30
Hansang,144.953514179,-37.81214526,West Melbourne (Residential),1,32,0,32
baru,144.953251433,-37.81166257,West Melbourne (Residential),3,69,6,75
Roslyn Thai Cafe,144.951685372,-37.80886049,West Melbourne (Residential),1,45,0,45
LYNS KITCHEN,144.954274499,-37.81261512,Melbourne (CBD),1,40,0,40
Dosirock,144.954822177,-37.81349786,Melbourne (CBD),4,208,16,224
Gangnam Pocha,144.954929347,-37.81372352,Melbourne (CBD),1,37,0,37
KEDAI SATAY,144.955696598,-37.8156735,Melbourne (CBD),1,75,10,85
Rare Steakhouse Downtown,144.957322132,-37.81918367,Melbourne (CBD),1,120,0,120
Global Kitchen Cafe,144.968423011,-37.80861853,Melbourne (CBD),1,66,0,66
Davids Hot Pot,144.960864124,-37.81073635,Melbourne (CBD),1,55,0,55
Scoopy Central,144.960466822,-37.81082676,Melbourne (CBD),1,60,6,66
Azuo Yogurt & Cake,144.959961235,-37.81097638,Melbourne (CBD),1,11,0,11
Magic Cuisine,144.959794532,-37.81102516,Melbourne (CBD),1,28,0,28
Khao,144.959644312,-37.81107017,Melbourne (CBD),1,56,10,66
Korea town melbourne,144.958660108,-37.81145082,Melbourne (CBD),2,205,8,213
Le Will Cafe,144.955885513,-37.8124473,Melbourne (CBD),1,100,80,180
Atrium 485,144.95495139,-37.81275166,Melbourne (CBD),3,64,0,64
Cafenatics,144.957113997,-37.81123723,Melbourne (CBD),1,38,8,46
Charles LaTrobe Coffee Co,144.958052866,-37.81075363,Melbourne (CBD),1,80,0,80
Mamao,144.959029373,-37.81075124,Melbourne (CBD),1,54,0,54
Da Tie Niu,144.959136749,-37.8107204,Melbourne (CBD),2,83,0,83
Keki Milkbar,144.959277551,-37.81067976,Melbourne (CBD),1,42,0,42
Little nooky,144.960434848,-37.81010387,Melbourne (CBD),1,16,0,16
Stovetop,144.960971679,-37.80335267,Carlton,1,70,16,86
Manja Melbourne,144.960508626,-37.80570036,Carlton,1,60,6,66
Roasting Warehouse,144.950594501,-37.80447359,North Melbourne,1,60,48,108
Lincoln Bakery Cafe,144.962728786,-37.8013409,Carlton,1,0,36,36
Ruyi Modern Chinese,144.97155135,-37.81106615,Melbourne (CBD),1,49,0,49
Kenny's Bakery Cafe,144.970714898,-37.81005686,Melbourne (CBD),2,26,16,42
Bomba Tapas Bar and Rooftop,144.969254088,-37.81049305,Melbourne (CBD),1,118,0,118
Bar Margaux,144.969119408,-37.81053335,Melbourne (CBD),1,213,0,213
Seamstress,144.969011069,-37.81056538,Melbourne (CBD),1,20,0,20
The Chef's Jungle,144.968925697,-37.81059803,Melbourne (CBD),1,38,0,38
Footlights Restaurant,144.968530007,-37.81098009,Melbourne (CBD),3,151,0,151
Ohgam,144.968260016,-37.81079362,Melbourne (CBD),1,56,0,56
Tami Sweet Lonsdale,144.968152905,-37.81081665,Melbourne (CBD),1,12,8,20
Dainty Sichuan Food,144.96801737,-37.81090617,Melbourne (CBD),1,180,0,180
Dumpling Guys,144.96786271,-37.81093607,Melbourne (CBD),1,45,0,45
International Cakes,144.966848584,-37.81118708,Melbourne (CBD),1,73,20,93
Nelayan Indonesian Restaurant,144.966630476,-37.81126839,Melbourne (CBD),1,130,0,130
Tsindos Greek Restaurant,144.966576483,-37.81128456,Melbourne (CBD),1,80,16,96
Ling Nam Restaurant,144.966353331,-37.81133175,Melbourne (CBD),1,100,0,100
Tetsujin,144.963838585,-37.81245199,Melbourne (CBD),9,717,0,717
Crust Gourmet Pizza Bar Melbourne,144.961464779,-37.81291055,Melbourne (CBD),3,84,0,84
Pho Thin,144.961012082,-37.81288006,Melbourne (CBD),2,62,38,100
Woo 399 BBQ Lonsdale St,144.960680876,-37.81303978,Melbourne (CBD),4,231,76,307
Sud Food & Wine,144.956213508,-37.81439357,Melbourne (CBD),1,48,0,48
Mandarin Food Store,144.954249339,-37.81498784,Melbourne (CBD),2,36,20,56
Omo,144.953922371,-37.81421045,Melbourne (CBD),1,32,0,32
Encanto,144.955771594,-37.81386782,Melbourne (CBD),1,30,0,30
Liyin Rice Roll Master,144.956016924,-37.8134766,Melbourne (CBD),4,172,14,186
Chun Chun Pocha,144.956421679,-37.81365662,Melbourne (CBD),2,60,12,72
Piccolo Me,144.958613728,-37.81298088,Melbourne (CBD),1,80,0,80
Mook Ji Bar,144.960325405,-37.81244232,Melbourne (CBD),1,68,0,68
Ikkai,144.960530585,-37.81240787,Melbourne (CBD),2,101,0,101
Dolan,144.960960693,-37.81235069,Melbourne (CBD),1,40,0,40
Stubborn Pig,144.961456084,-37.81220274,Melbourne (CBD),3,187,0,187
Noodle Villa,144.961762525,-37.81212877,Melbourne (CBD),2,154,0,154
Mad Mex,144.963018917,-37.81073331,Melbourne (CBD),22,2072,207,2279
Sakura Kaiten Sushi II,144.963996846,-37.81152963,Melbourne (CBD),2,166,0,166
BKK,144.96414534,-37.81148546,Melbourne (CBD),1,56,0,56
Fable Melbourne,144.967369629,-37.8105674,Melbourne (CBD),2,35,100,135
FOUNDRY LANE / Espresso Impresso,144.967574017,-37.81012652,Melbourne (CBD),1,22,0,22
Reed House,144.968171809,-37.8099428,Melbourne (CBD),1,100,50,150
Hochi Mama,144.971830017,-37.81094349,Melbourne (CBD),1,110,24,134
The Daughters Arms,144.971990272,-37.81074304,Melbourne (CBD),1,81,12,93
Kiss And Tell Bar,144.971505869,-37.81083595,Melbourne (CBD),2,170,12,182
Punch Lane Wine Bar Restaurant,144.971362998,-37.81092017,Melbourne (CBD),2,90,20,110
Bamboo House,144.971109213,-37.81101377,Melbourne (CBD),2,210,0,210
Byeok Dol,144.969339824,-37.81146308,Melbourne (CBD),1,90,0,90
Khao Soi Melbourne,144.969273121,-37.81147813,Melbourne (CBD),1,174,0,174
Seven Star Bbq & Pocha Chinatown,144.969102548,-37.81156159,Melbourne (CBD),1,119,0,119
Momo / Gyoza Gyoza,144.969010067,-37.81158808,Melbourne (CBD),1,150,0,150
Westlake Restaurant,144.966954809,-37.812194,Melbourne (CBD),1,200,0,200
Dessert Story,144.966826432,-37.81221773,Melbourne (CBD),1,60,0,60
The Louden Kitchen & Grill,144.964646875,-37.81288667,Melbourne (CBD),1,160,0,160
Brother Baba Budan,144.962170953,-37.81353263,Melbourne (CBD),1,16,16,32
Tipo 00,144.961992587,-37.81358648,Melbourne (CBD),1,42,16,58
Serai Kitchen,144.961598239,-37.81379494,Melbourne (CBD),1,54,24,78
Bincho Boss,144.961462944,-37.81377588,Melbourne (CBD),1,60,4,64
Maker Coffee,144.961393663,-37.81379622,Melbourne (CBD),1,12,30,42
Gracie,144.961204259,-37.81385129,Melbourne (CBD),2,75,60,135
Palermo,144.961034758,-37.81403195,Melbourne (CBD),1,150,0,150
Korchi City,144.959659009,-37.81430686,Melbourne (CBD),1,60,0,60
Alibi Urban Gastropub,144.959044223,-37.81456798,Melbourne (CBD),1,80,12,92
Melbourne Hwaro Korean BBQ,144.955669398,-37.81501702,Melbourne (CBD),1,92,20,112
Scugnizzo Ristorante,144.955942078,-37.81491966,Melbourne (CBD),1,85,14,99
Lim Kopi,144.956367186,-37.81477885,Melbourne (CBD),1,55,12,67
Denmark House,144.959722913,-37.81392391,Melbourne (CBD),1,45,0,45
Hoiana,144.960900331,-37.81365679,Melbourne (CBD),1,86,0,86
The Hardware Club,144.961073493,-37.81359799,Melbourne (CBD),1,55,0,55
French Saloon,144.96132824,-37.81354346,Melbourne (CBD),3,128,30,158
+39 Pizzeria & Antipasteria,144.961749522,-37.81327298,Melbourne (CBD),1,66,0,66
Torino Aperitivo,144.963127568,-37.81292437,Melbourne (CBD),1,75,20,95
By Korea,144.96560295,-37.81213633,Melbourne (CBD),1,45,0,45
Robo Mao,144.966217729,-37.81204326,Melbourne (CBD),1,100,0,100
The Crane,144.966279121,-37.81203584,Melbourne (CBD),1,80,0,80
Wong's Late Night Hot Pot,144.966418386,-37.81202818,Melbourne (CBD),1,70,0,70
D'Penyetz & D'Cendol,144.966540804,-37.81199247,Melbourne (CBD),1,80,0,80
Fortune Dumpling,144.966672391,-37.81197639,Melbourne (CBD),1,65,0,65
Bornga Melbourne,144.966941928,-37.81186912,Melbourne (CBD),3,226,0,226
Spice World Melbourne,144.967129981,-37.8118553,Melbourne (CBD),1,100,0,100
Empress of China,144.968908437,-37.81131622,Melbourne (CBD),1,100,0,100
Shanghai Village,144.969075538,-37.81124441,Melbourne (CBD),1,180,0,180
Shark Fin Inn City,144.970974892,-37.81068513,Melbourne (CBD),1,220,0,220
Longrain Melbourne,144.971182949,-37.81058998,Melbourne (CBD),1,140,0,140
Little Gordon,144.971413781,-37.81033978,Melbourne (CBD),1,30,20,50
With Gusto Regional Store,144.972706442,-37.8129051,Melbourne (CBD),2,106,0,106
Lupino,144.972393222,-37.81279876,Melbourne (CBD),1,60,20,80
Rare Steakhouse,144.971695294,-37.81309819,Melbourne (CBD),3,148,0,148
Harry's Jungle,144.969767558,-37.8136886,Melbourne (CBD),1,200,8,208
Mister Munro,144.967094279,-37.81447237,Melbourne (CBD),1,100,0,100
Casa Frida,144.964225403,-37.81528948,Melbourne (CBD),4,162,48,210
Momo Central,144.963293794,-37.81554941,Melbourne (CBD),5,147,61,208
Quando Quando Cucina & Bar,144.962439132,-37.81585501,Melbourne (CBD),1,54,6,60
Little Brother Kitchen & Bar,144.960451922,-37.8162783,Melbourne (CBD),1,68,0,68
Tengu Poke,144.960396821,-37.81629333,Melbourne (CBD),1,26,0,26
Dikstein's Corner Bar,144.960341264,-37.81631093,Melbourne (CBD),1,66,36,102
Otherside Coffee,144.960085861,-37.81638558,Melbourne (CBD),2,54,36,90
Korean Healthy Food BBQ Box,144.959550019,-37.81660734,Melbourne (CBD),2,118,46,164
Saving Grace,144.957798923,-37.81719649,Melbourne (CBD),1,50,30,80
Ela Cafe,144.955443941,-37.81787118,Melbourne (CBD),1,16,6,22
Brim CC,144.954905366,-37.81802782,Melbourne (CBD),2,64,24,88
Fiord,144.956773974,-37.81695942,Melbourne (CBD),5,116,24,140
Doju,144.957088016,-37.81686865,Melbourne (CBD),1,46,0,46
Chancery Lane,144.960110059,-37.81596878,Melbourne (CBD),2,315,120,435
Lakhey Resto & Bar,144.961530561,-37.81556194,Melbourne (CBD),1,40,0,40
Greenstreat,144.961741069,-37.81560573,Melbourne (CBD),1,20,0,20
Oriental Tea House,144.962020616,-37.81551671,Melbourne (CBD),1,110,12,122
Trattoria Emilia,144.962638812,-37.81528248,Melbourne (CBD),1,75,0,75
Cafe Chokolait,144.964012048,-37.81488174,Melbourne (CBD),2,48,36,84
Gordons Cafe and Bar,144.964348552,-37.81473293,Melbourne (CBD),3,127,48,175
Parcs,144.96715672,-37.81384227,Melbourne (CBD),1,25,0,25
Marameo,144.967580615,-37.81390779,Melbourne (CBD),1,65,40,105
Il Bacaro Cucina E Bar,144.967859853,-37.81376794,Melbourne (CBD),1,45,0,45
Soi 38,144.971918925,-37.81246632,Melbourne (CBD),1,168,0,168
Chang Go,144.961742875,-37.80944542,Melbourne (CBD),1,100,0,100
Cheng Fu Urban Dessert Buffet,144.961890386,-37.80940205,Melbourne (CBD),1,37,0,37
Samut,144.962251266,-37.80929555,Melbourne (CBD),1,28,0,28
Hanshin Pocha Melbourne,144.960540527,-37.81181459,Melbourne (CBD),1,108,0,108
Sara Craft Ramen & Bar,144.960341087,-37.81187439,Melbourne (CBD),2,57,8,65
Dao Noodle,144.960249837,-37.81190077,Melbourne (CBD),1,60,0,60
Pretty Boy Italian Steak House,144.960137254,-37.81203671,Melbourne (CBD),2,300,0,300
PAIK'S BBQ,144.95639703,-37.81311232,Melbourne (CBD),1,100,0,100
Seoul Toast Bong,144.955565246,-37.81329521,Melbourne (CBD),3,93,2,95
Gogi Matcha,144.953829359,-37.81380956,Melbourne (CBD),1,174,0,174
All 4 U Cafe & Bar,144.953234168,-37.81359291,Melbourne (CBD),1,40,0,40
Dongdaemun,144.955572945,-37.81290439,Melbourne (CBD),1,24,0,24
Zhan Beers,144.955412606,-37.81301653,Melbourne (CBD),1,24,0,24
The Workers Food Room,144.955503857,-37.81299012,Melbourne (CBD),2,118,0,118
The Common VU,144.958430331,-37.81200376,Melbourne (CBD),1,78,0,78
The League of Honest Coffee,144.968446286,-37.80913993,Melbourne (CBD),2,109,0,109
Hong Dae Korean Restaurant & Bar,144.968719501,-37.80913623,Melbourne (CBD),1,70,0,70
Ej's Cafe,144.965492645,-37.80548997,Carlton,1,50,40,90
I Love Istanbul,144.965949772,-37.80467681,Carlton,2,92,12,104
O'Porto,144.965974373,-37.80449163,Carlton,1,25,0,25
Kazuki's Restaurant,144.966024118,-37.80415049,Carlton,1,40,0,40
Mercadante Pizza,144.966034229,-37.80408996,Carlton,1,45,30,75
Universal Restaurant,144.966086487,-37.80384773,Carlton,1,150,90,240
Mandina Kitchen,144.966098423,-37.80378355,Carlton,1,60,20,80
La Cabra Carlton,144.966117861,-37.80366248,Carlton,1,40,40,80
Kabana Restaurant,144.96644595,-37.80178513,Carlton,1,30,16,46
Stuzzichino,144.966456885,-37.80171819,Carlton,1,24,30,54
Mixity Restaurant and Cafe,144.966469147,-37.80165695,Carlton,1,40,24,64
Seoul Pocha,144.966476308,-37.80160598,Carlton,1,50,12,62
San Churro Chocolateria,144.966485562,-37.80156205,Carlton,1,60,24,84
Cafe Cavallino,144.966496703,-37.80144374,Carlton,1,100,88,188
Tabouli,144.966488036,-37.8011904,Carlton,1,45,20,65
Leyalina,144.966496731,-37.80114228,Carlton,1,48,26,74
Good Measure Melbourne,144.966507051,-37.8010949,Carlton,1,42,30,72
Tono On Borsari,144.966672476,-37.80089707,Carlton,1,70,58,128
Seasons Provedore,144.966659073,-37.80096704,Carlton,1,50,24,74
Dim Sim Holic,144.966590198,-37.80049164,Carlton,1,20,0,20
Papa Gino's Pizza Restaurant,144.966717255,-37.80018973,Carlton,1,95,40,135
Cafe Corretto,144.966741006,-37.80004558,Carlton,1,150,30,180
University Cafe / Universita Bar Restaurant,144.966838206,-37.79947744,Carlton,1,120,56,176
Lagoon Dining,144.966868004,-37.79929755,Carlton,1,100,30,130
Aperitivo Bar Ristorante,144.966910371,-37.79905377,Carlton,1,45,25,70
Cyrus Artlounge,144.966932478,-37.79901857,Carlton,1,22,0,22
King & Godfree,144.967041148,-37.79838828,Carlton,2,290,0,290
Tiamo,144.967089764,-37.79822136,Carlton,1,45,30,75
Tiamo,144.967079227,-37.79817948,Carlton,1,60,45,105
Tiamo,144.966981693,-37.79812248,Carlton,1,30,30,60
Milk The Cow Licensed Fromagerie,144.967125791,-37.79777439,Carlton,1,80,20,100
Heartattack and Vine,144.967148225,-37.79764329,Carlton,1,50,50,100
Jimmy Watson's Wine Bar,144.967177892,-37.7975082,Carlton,1,120,40,160
Intersection Cafe,144.967228741,-37.79734681,Carlton,1,39,4,43
Brunetti Classico Carlton,144.968178866,-37.79803089,Carlton,1,300,100,400
Sea Salt Kitchen,144.967643727,-37.79828024,Carlton,1,50,23,73
Sea Salt Kitchen,144.967634649,-37.79832944,Carlton,1,50,22,72
Grill'd Healthy Burgers,144.967526441,-37.79887015,Carlton,1,56,32,88
DOC Espresso,144.96747353,-37.79932164,Carlton,1,50,60,110
Donnini's Restaurant,144.967510433,-37.79953749,Carlton,1,70,24,94
Copperwood,144.967600033,-37.79962339,Carlton,1,160,33,193
"Johnny, Vince And Sam's",144.967416427,-37.79978612,Carlton,1,225,32,257
Shinbashi Yakiniku,144.967348455,-37.80004497,Carlton,1,74,0,74
Divine Darbar Indian Restaurant and Bar,144.967333819,-37.80013942,Carlton,1,89,0,89
Zeus Street Greek,144.967318258,-37.80036743,Carlton,1,28,24,52
Kahaani,144.967184315,-37.80103476,Carlton,1,35,10,45
Palm Arabian,144.967168398,-37.80113981,Carlton,1,20,0,20
Il Gusto,144.967160519,-37.80118693,Carlton,1,75,24,99
Cairo Nights Restaurant & Bar,144.967324233,-37.80137656,Carlton,1,50,48,98
Piccolo Mondo,144.967246341,-37.80158026,Carlton,1,120,28,148
La Spaghettata Pty Ltd,144.967236482,-37.80162591,Carlton,1,130,44,174
Ziyka Restaurant,144.967229074,-37.80169333,Carlton,1,100,50,150
Agha Juice,144.967217525,-37.80175883,Carlton,1,20,16,36
AFGHAN KEBAB CARLTON,144.967209194,-37.80180395,Carlton,1,50,10,60
Grillers Mark,144.967142521,-37.8021884,Carlton,1,60,0,60
Nefes,144.966780013,-37.80305855,Carlton,1,100,40,140
Il Gambero,144.966813823,-37.803305,Carlton,1,221,28,249
Khabbay Restaurant,144.966723095,-37.803783,Carlton,1,120,80,200
Da Guido,144.966683147,-37.80403393,Carlton,1,40,20,60
Jin Zhou Yu BBQ,144.966441303,-37.80566982,Carlton,1,50,0,50
North End Deli,144.938197912,-37.79557662,North Melbourne,1,15,8,23
Cassette,144.933807982,-37.79511706,Kensington,1,80,0,80
Grounded House,144.929445017,-37.79458129,Kensington,1,16,3,19
Rick's Place,144.929242857,-37.79454041,Kensington,1,70,0,70
Karomi Cafe,144.967394785,-37.80768212,Melbourne (CBD),1,12,6,18
Guhng The Palace,144.961620956,-37.81534186,Melbourne (CBD),1,40,0,40
Hopetoun Bakehouse,144.961818541,-37.81514598,Melbourne (CBD),1,20,8,28
Shoya Japanese Restaurant,144.969114739,-37.81173945,Melbourne (CBD),1,125,0,125
Hofbrauhaus Restaurant,144.969335255,-37.81160744,Melbourne (CBD),1,138,0,138
Hofbrauhaus Restaurant,144.969403095,-37.81175137,Melbourne (CBD),1,73,0,73
Hutong Dumpling Bar,144.969457819,-37.81187264,Melbourne (CBD),1,110,0,110
The Trust,144.960420557,-37.81864584,Melbourne (CBD),1,537,40,577
Oak and Vine,144.960828266,-37.81778076,Melbourne (CBD),1,188,0,188
Simpsons Burgers,144.961133901,-37.81848796,Melbourne (CBD),1,23,14,37
Waiters Restaurant,144.972350463,-37.81207814,Melbourne (CBD),1,55,0,55
San Telmo Restaurant,144.972450949,-37.81221616,Melbourne (CBD),2,110,5,115
Cafe Piccolina,144.9556719,-37.79525038,Parkville,1,20,28,48
Adonai Foods,144.969095378,-37.79465838,Carlton,1,80,20,100
Sir Osborn,144.973522327,-37.80899046,East Melbourne,1,85,40,125
Al Dente Enoteca,144.974806593,-37.7963885,Carlton,2,132,24,156
Scopri Italian Food & Wine,144.974922089,-37.79568657,Carlton,1,60,0,60
Cafe Ecco,144.973619012,-37.80849653,East Melbourne,1,200,24,224
Bowery To Williamsburg,144.970291127,-37.8161284,Melbourne (CBD),1,20,20,40
STREAT,144.944996037,-37.77749378,Parkville,1,40,12,52
State Netball & Hockey Centre Cafe,144.947631929,-37.78541877,Parkville,1,60,0,60
Mr Tod,144.97574558,-37.81162321,East Melbourne,1,70,47,117
So Thai Tapas & Street Food,144.955351089,-37.80759351,West Melbourne (Residential),1,55,0,55
Jusik The Korean Restaurant,144.955423427,-37.80718433,West Melbourne (Residential),1,20,0,20
Hello Jose,144.955584299,-37.80619737,West Melbourne (Residential),1,20,40,60
Eat All,144.956661895,-37.80444772,North Melbourne,1,50,0,50
Maria's Trattoria,144.956459859,-37.80519937,North Melbourne,1,80,4,84
Books N Bites Cafe,144.958328684,-37.80169537,Carlton,1,60,12,72
Cafe Commercio,144.958820263,-37.80155731,Carlton,1,115,20,135
Sunda,144.971108187,-37.81043132,Melbourne (CBD),1,66,0,66
Stories Of Nooool,144.963920625,-37.80493297,Carlton,2,106,0,106
Inistudio,144.961215681,-37.80453213,Carlton,1,16,0,16
Flovie Florist Cafe,144.959925596,-37.80440558,Carlton,1,40,10,50
Le Toaster,144.952776962,-37.80357227,North Melbourne,1,7,22,29
Palette,144.94713843,-37.80252643,North Melbourne,1,24,8,32
Twenty & Six Espresso,144.947539147,-37.80257071,North Melbourne,1,17,20,37
French Quarter Patisserie,144.948475718,-37.80271264,North Melbourne,1,24,14,38
Refuel Catering,144.961002249,-37.80395655,Carlton,1,40,0,40
Dan's Deli,144.962027353,-37.80421362,Carlton,1,10,16,26
Adozen Adozen,144.962784486,-37.80429344,Carlton,1,20,8,28
Mesh,144.95977678,-37.82385378,Southbank,1,350,0,350
Koffi Bar,144.961779888,-37.81822749,Melbourne (CBD),1,36,16,52
Starbase Cafe,144.961614304,-37.81773812,Melbourne (CBD),1,22,0,22
Aki Sushi,144.960847599,-37.81614776,Melbourne (CBD),1,70,0,70
CQ Bar,144.960636631,-37.81581152,Melbourne (CBD),2,168,40,208
Red Spice Road,144.960540869,-37.81549904,Melbourne (CBD),1,300,0,300
Subway,144.960224297,-37.81467989,Melbourne (CBD),2,110,0,110
Bailey Espresso Bar,144.959985646,-37.81452036,Melbourne (CBD),1,24,0,24
Gasthaus On Queen,144.959907268,-37.81386745,Melbourne (CBD),2,90,22,112
215 Queens,144.959874118,-37.81379647,Melbourne (CBD),1,84,10,94
Caterina's Cucina e Bar,144.959754236,-37.81355361,Melbourne (CBD),4,152,46,198
ABC Chicken,144.958211968,-37.81022044,Melbourne (CBD),1,60,0,60
Buza Chicken,144.957993288,-37.80988001,Melbourne (CBD),1,50,0,50
Kimsoju,144.958511614,-37.80897917,Melbourne (CBD),1,50,0,50
Cherry Lane Espresso,144.959061169,-37.81040943,Melbourne (CBD),1,42,0,42
Red Cliff Chinese Restaurant,144.959946669,-37.81247757,Melbourne (CBD),1,78,2,80
Peddler,144.960469712,-37.81352285,Melbourne (CBD),1,20,20,40
Cafe Belt Melbourne,144.959964015,-37.81269017,Melbourne (CBD),1,18,0,18
Big Aussie Burger,144.962188519,-37.81758572,Melbourne (CBD),1,27,0,27
Cm & Co Coffee Roasters,144.962437455,-37.81798973,Melbourne (CBD),1,36,12,48
Maha Restaurant,144.962529829,-37.81819275,Melbourne (CBD),1,80,0,80
Manchester Press,144.96212614,-37.81387847,Melbourne (CBD),1,63,0,63
Epocha Restaurant,144.968594354,-37.80578725,Carlton,1,100,30,130
East Imperial,144.969880959,-37.79918387,Carlton,1,140,0,140
Chapati Melbourne,144.97032083,-37.79692164,Carlton,1,30,0,30
Capitano,144.970426225,-37.79652005,Carlton,1,80,0,80
Sushi Ten,144.97118345,-37.79518777,Carlton,1,24,8,32
Thai 29 Carlton,144.971174478,-37.79523278,Carlton,1,50,8,58
Fu Lu Chinese Cafe,144.971159348,-37.79532263,Carlton,1,20,4,24
The Olive Jar,144.971149742,-37.7953809,Carlton,1,55,20,75
Okra Sri Lankan Cuisine,144.971140453,-37.79543507,Carlton,1,20,20,40
Bar Bellamy,144.971131911,-37.79547684,Carlton,1,35,12,47
Bossy Beans,144.971123092,-37.79553609,Carlton,1,35,12,47
Fenton Bistro,144.971086189,-37.79578979,Carlton,1,26,8,34
Chamman Sheesha Cafe & Restaurant,144.97104054,-37.7960463,Carlton,1,38,0,38
Paris Go Bistro,144.970884118,-37.79695652,Carlton,1,50,4,54
Fuumi Fuumi,144.950650784,-37.80906098,West Melbourne (Residential),1,20,8,28
Le Taj Restaurant,144.952039324,-37.80775631,West Melbourne (Residential),1,50,4,54
Myth Cafe,144.952572489,-37.80739774,West Melbourne (Residential),1,12,12,24
Mornin Vietnam,144.958562594,-37.7849288,Parkville,2,95,60,155
Ho Ho's Canteen,144.958681046,-37.78398214,Parkville,1,50,0,50
Gimlet,144.969247753,-37.81598753,Melbourne (CBD),2,343,0,343
Shanghai Dragon Dumpling House,144.96764788,-37.81246709,Melbourne (CBD),2,88,0,88
Hong Kong Cafe,144.96758979,-37.81238087,Melbourne (CBD),1,58,0,58
Musashi Ramen Restaurant,144.96751198,-37.81222178,Melbourne (CBD),1,80,0,80
Grill King,144.967439396,-37.8120707,Melbourne (CBD),1,110,0,110
Sweetie And Moustache Dessert Lounge,144.967298399,-37.81169847,Melbourne (CBD),2,135,0,135
Welive Hotpot,144.967236445,-37.81156166,Melbourne (CBD),2,70,0,70
LaoLiuZhou River Snails Rice Noodles,144.967166699,-37.81140869,Melbourne (CBD),2,75,0,75
China Bar,144.96703692,-37.81111923,Melbourne (CBD),2,250,15,265
Baltic Buffet,144.966928628,-37.80957196,Melbourne (CBD),1,40,0,40
Hor Kitchen,144.967198825,-37.81020096,Melbourne (CBD),1,60,0,60
Fishing Season,144.967224721,-37.8102551,Melbourne (CBD),1,40,0,40
Bemil,144.967250843,-37.81031177,Melbourne (CBD),1,53,0,53
Kiosk L,144.967644342,-37.81098272,Melbourne (CBD),3,86,0,86
Ants Bistro,144.967994718,-37.81132789,Melbourne (CBD),5,360,0,360
Shou Sumiyaki,144.967863195,-37.81158809,Melbourne (CBD),2,210,0,210
Hakata Gensuke,144.96818783,-37.8122734,Melbourne (CBD),1,30,0,30
Mensho Tokyo,144.968207415,-37.81231991,Melbourne (CBD),1,28,0,28
Embla,144.968715379,-37.8134296,Melbourne (CBD),1,50,8,58
Postal Hall,144.968975222,-37.81350285,Melbourne (CBD),2,135,15,150
Lucy Liu's Kitchen & Bar,144.969894808,-37.81599798,Melbourne (CBD),1,100,0,100
Delisure Kitchen,144.975719407,-37.83548357,Melbourne (Remainder),2,78,38,116
Giro D’Italia,144.97604258,-37.83570366,Melbourne (Remainder),1,78,8,86
McDonald's,144.976192013,-37.83615254,Melbourne (Remainder),1,34,10,44
Gentleman George,144.976209572,-37.836275,Melbourne (Remainder),1,50,20,70
Tokyo Sushi Kitchen St Kilda,144.977042736,-37.83774552,Melbourne (Remainder),2,68,10,78
Japan Inn Gourmet Sushi,144.977193113,-37.83854242,Melbourne (Remainder),3,29,63,92
Southside On St Kilda,144.977535477,-37.83909862,Melbourne (Remainder),1,64,24,88
Commodity Cafe,144.977676928,-37.83949217,Melbourne (Remainder),1,70,28,98
In a Rush,144.979362332,-37.8441033,Melbourne (Remainder),1,50,30,80
Ai Sushi,144.979312384,-37.84459472,Melbourne (Remainder),1,28,0,28
Shuji Sushi Chevron,144.979819038,-37.8455379,Melbourne (Remainder),7,186,141,327
Alf's Cafe,144.98005912,-37.84607473,Melbourne (Remainder),1,40,0,40
Cafe Ella,144.980378149,-37.84685298,Melbourne (Remainder),1,87,43,130
Tradeblock Cafe,144.981958874,-37.84971031,Melbourne (Remainder),1,30,20,50
Pawa Cafe & Bar,144.968224607,-37.82094494,Southbank,2,50,170,220
Lionel Gell Lounge,144.969319749,-37.82456191,Southbank,1,30,14,44
Rosella x 31,144.970707242,-37.82912559,Southbank,1,20,10,30
Hungry Jack's Pty Ltd,144.91876537,-37.79214606,Kensington,1,36,0,36
BLUE DOORS,144.962388635,-37.81379747,Melbourne (CBD),1,34,8,42
Gaylord Indian Restaurant,144.954158694,-37.82020557,Docklands,1,150,50,200
Code 3,144.950998069,-37.81379938,Docklands,1,30,66,96
The Secret Recipe,144.948789522,-37.80897146,West Melbourne (Residential),1,32,0,32
B Cuz Coffee & Eatery,144.948632857,-37.80883464,West Melbourne (Residential),1,16,0,16
Embassy Cafe,144.947787012,-37.80811131,West Melbourne (Residential),1,40,24,64
Hunters And Disciples,144.945352806,-37.8068965,West Melbourne (Residential),1,100,10,110
Souvs On Spencer,144.944905055,-37.80643135,West Melbourne (Residential),1,28,4,32
Foglia Di Fico,144.951878886,-37.81337023,Melbourne (CBD),1,50,0,50
Miss Mi,144.953751967,-37.81738969,Melbourne (CBD),1,50,0,50
Scooter,144.954365839,-37.81818484,Melbourne (CBD),2,52,0,52
Restaurant 1903,144.954883047,-37.81970047,Melbourne (CBD),1,65,0,65
Stubby Cafe Bar & Restaurant,144.955242109,-37.82050677,Melbourne (CBD),1,50,0,50
Grill'd,144.952339293,-37.81815357,Docklands,7,332,0,332
Di Stasio Citta,144.973948408,-37.81419762,Melbourne (CBD),1,85,0,85
Coffee Exchange,144.973183613,-37.81260038,Melbourne (CBD),4,88,70,158
City Wine Shop,144.972465071,-37.81099168,Melbourne (CBD),1,45,60,105
The European,144.972429029,-37.81095129,Melbourne (CBD),2,155,18,173
Gillott Espresso,144.972057848,-37.81012783,Melbourne (CBD),1,25,12,37
Anda Cafe,144.971835359,-37.80990397,Melbourne (CBD),1,40,18,58
Taiwan Cafe Melbourne,144.949379147,-37.80844834,West Melbourne (Residential),1,20,0,20
Bocca Foods,144.956063257,-37.79746671,Parkville,1,50,0,50
Yum Sing House,144.960887099,-37.81097275,Melbourne (CBD),1,90,0,90
Subway,144.966704047,-37.81674222,Melbourne (CBD),1,28,0,28
Momo station,144.965777332,-37.81507697,Melbourne (CBD),3,82,44,126
Delhi Rocks,144.965885145,-37.81482941,Melbourne (CBD),2,156,0,156
Gopal's Vegetarian Restaurant,144.965735021,-37.8144111,Melbourne (CBD),1,72,0,72
Crossways Vegetarian And Vegan Restaurant,144.965685091,-37.81429892,Melbourne (CBD),1,63,28,91
Sushi Hub Swanston 2,144.965613817,-37.81414396,Melbourne (CBD),1,68,0,68
Rozzi's,144.965582724,-37.81407743,Melbourne (CBD),1,187,0,187
Soul Cafe,144.964999303,-37.81309229,Melbourne (CBD),2,110,24,134
Sam Sam,144.965038641,-37.81289706,Melbourne (CBD),1,90,0,90
Superhiro,144.965015724,-37.81284647,Melbourne (CBD),1,98,0,98
The Beast CBD,144.964839484,-37.8125239,Melbourne (CBD),1,50,0,50
Tina's Noodle Kitchen,144.96480429,-37.81244693,Melbourne (CBD),1,80,0,80
Mekong Vietnam,144.964778374,-37.81239263,Melbourne (CBD),1,50,0,50
Bowltiful Lanzhou Beef Noodles,144.964736445,-37.81230108,Melbourne (CBD),2,134,24,158
Dragon Hot Pot,144.964696179,-37.81221437,Melbourne (CBD),1,42,0,42
Biang Biang,144.964672714,-37.81216387,Melbourne (CBD),1,65,0,65
China Bar,144.964648743,-37.81211394,Melbourne (CBD),1,120,0,120
Dooboo Korean Tofu House,144.964625377,-37.81206228,Melbourne (CBD),1,100,0,100
Nelayan Indonesian Restaurant,144.964602088,-37.81201045,Melbourne (CBD),1,62,0,62
Yoyogi,144.964574647,-37.8119541,Melbourne (CBD),1,85,0,85
OPPA (Korean Kitchen),144.964550923,-37.81190136,Melbourne (CBD),1,55,0,55
Pho Ganh,144.964531633,-37.81185964,Melbourne (CBD),1,56,0,56
McDonalds,144.964507035,-37.81180752,Melbourne (CBD),1,94,0,94
Guzman Y Gomez Swanston Street,144.964263714,-37.81122709,Melbourne (CBD),2,155,24,179
David's Master Pot Swanston,144.964193795,-37.81107765,Melbourne (CBD),1,26,8,34
Mr Tall On Swanston,144.964047258,-37.81076344,Melbourne (CBD),2,110,0,110
KFC,144.963216993,-37.80904283,Melbourne (CBD),2,138,0,138
Joomak Korean Restaurant,144.96317964,-37.80895593,Melbourne (CBD),2,202,0,202
The Vine Coffee Roasters,144.962693205,-37.80826292,Melbourne (CBD),1,40,0,40
The Dumplings & Tea Co,144.963414226,-37.80087264,Carlton,1,18,19,37
KFC Carlton,144.963642266,-37.8006201,Carlton,2,62,15,77
Dumpling & Chinese Cuisine,144.964899925,-37.79668021,Carlton,1,42,0,42
The Longing Flavour,144.965164004,-37.79780844,Carlton,1,50,0,50
Colourful Yunnan Restaurant,144.964236564,-37.80062759,Carlton,1,150,8,158
Xian Famous Food,144.964226369,-37.80069087,Carlton,1,60,0,60
Pondok Laguna,144.964282293,-37.80131908,Carlton,1,40,0,40
Cinta,144.963945272,-37.80276989,Carlton,1,40,12,52
Lemuse,144.963909099,-37.80355391,Carlton,1,15,12,27
Osha Thai Carlton,144.96352823,-37.80483648,Carlton,1,14,0,14
Oxi Tea Room,144.963716758,-37.80521815,Carlton,2,48,6,54
Boogie House Hotpot,144.963330013,-37.8060084,Carlton,1,48,6,54
The Moat Bar & Cafe,144.965306017,-37.80976881,Melbourne (CBD),2,154,100,254
Shan Cheng Wai Fish And Pickles,144.965104624,-37.81169356,Melbourne (CBD),1,28,0,28
Gong De Lin,144.965147314,-37.81181063,Melbourne (CBD),1,40,0,40
Foodie Hub,144.965250371,-37.81199559,Melbourne (CBD),1,20,0,20
Master Lanzhou Noodle Bar,144.965342244,-37.8121468,Melbourne (CBD),1,90,0,90
Colourful Yunnan Swanston,144.965377424,-37.81222329,Melbourne (CBD),1,66,0,66
Hi Joopo Hot Pot,144.965611705,-37.81278915,Melbourne (CBD),1,26,0,26
Instea,144.965629089,-37.81282368,Melbourne (CBD),1,20,0,20
Miiki Cake Studio,144.966067574,-37.81379746,Melbourne (CBD),1,22,0,22
L'Incontro,144.966292046,-37.81430553,Melbourne (CBD),1,20,100,120
Lobby Lounge,144.967430346,-37.81584777,Melbourne (CBD),2,145,0,145
Shanghai Dumpling,144.965438531,-37.8118662,Melbourne (CBD),1,90,0,90
Boiling Crab Melbourne,144.9657704,-37.81206133,Melbourne (CBD),1,180,0,180
Mansae,144.959088605,-37.8076845,Melbourne (CBD),5,266,77,343
St Ali & The Queen,144.958461316,-37.80788769,Melbourne (CBD),2,125,25,150
Bistro Gitan,144.979309745,-37.83713808,South Yarra,1,74,6,80
Parade Place,144.982294313,-37.80943194,East Melbourne,1,26,0,26
Solah,144.979979104,-37.80919457,East Melbourne,1,44,12,56
Basement Espresso,144.977894549,-37.80895362,East Melbourne,1,94,8,102
Zouki Cafe,144.976255689,-37.80899035,East Melbourne,1,52,0,52
East Side Story Bar + Cafe,144.974887122,-37.80862592,East Melbourne,1,58,36,94
Victoria's Secret Bar & Cafe,144.974276441,-37.80855929,East Melbourne,1,0,80,80
Han Guuk Guan,144.967982089,-37.8075865,Melbourne (CBD),1,100,0,100
Korean BBQ Matzip,144.955603657,-37.80606639,West Melbourne (Residential),3,70,8,78
Sanhe Congee,144.955442178,-37.80604868,West Melbourne (Residential),1,28,0,28
The Flour Melbourne,144.954768041,-37.8059984,West Melbourne (Residential),1,24,0,24
Little Africa,144.954044804,-37.80590009,West Melbourne (Residential),1,28,12,40
279,144.951970327,-37.80566937,West Melbourne (Residential),1,25,6,31
Warung Agus,144.951366386,-37.80562951,West Melbourne (Residential),1,60,0,60
Udom House,144.950026368,-37.80547842,West Melbourne (Residential),1,26,0,26
The Kathmandu Cottage,144.949792546,-37.80539371,West Melbourne (Residential),1,60,20,80
Smile Thai Cuisine,144.94963128,-37.80538852,West Melbourne (Residential),1,22,4,26
Amiconi,144.949585089,-37.80538446,West Melbourne (Residential),1,60,8,68
El Sabor,144.949681151,-37.804917,North Melbourne,1,70,4,74
La Porchetta North Melbourne,144.950145426,-37.80496737,North Melbourne,1,130,0,130
CC Wok,144.950540687,-37.80500905,North Melbourne,1,28,0,28
Pho Victoria,144.953960605,-37.80542263,North Melbourne,1,38,6,44
KATHMANDU BANQUET,144.954134039,-37.80544377,North Melbourne,1,200,0,200
Sakedokoro Namara,144.954338535,-37.80537801,North Melbourne,1,40,20,60
Hallah,144.957390153,-37.80580455,North Melbourne,3,141,16,157
Melbourne Toodouri,144.957723661,-37.80583959,North Melbourne,1,60,0,60
Panda Hot Pot,144.964175958,-37.80649729,Carlton,1,198,0,198
Chinger Biang Biang Noodle,144.965352526,-37.80670091,Carlton,1,20,0,20
The Best Guilin Rice Noodles,144.965421152,-37.80670799,Carlton,1,30,0,30
Golmokgil,144.967044866,-37.81172075,Melbourne (CBD),1,50,0,50
Beddgood & Co,144.979983698,-37.81680765,East Melbourne,1,41,9,50
Laurent Boulangerie Patisserie,144.984834136,-37.81608793,East Melbourne,2,73,14,87
Il Duca Restaurant,144.985591495,-37.81618514,East Melbourne,1,60,5,65
The Grey Smith,144.985988908,-37.81609348,East Melbourne,1,28,6,34
Tadka Hut Indian Cuisine,144.98730737,-37.8163489,East Melbourne,1,40,0,40
Geppetto Trattoria,144.987427268,-37.81636296,East Melbourne,1,40,6,46
Pokapoka Japanese Restaurant,144.987630039,-37.81638646,East Melbourne,1,30,0,30
Mokaa,144.959187534,-37.8192157,Melbourne (CBD),3,50,9,59
@  Cafe 45,144.959122077,-37.81858017,Melbourne (CBD),1,25,20,45
Zuppa,144.957813206,-37.81636534,Melbourne (CBD),3,105,56,161
Shoku Eatery,144.95704074,-37.8146364,Melbourne (CBD),6,195,18,213
Basil With Thyme,144.956447353,-37.81270785,Melbourne (CBD),1,90,0,90
The Jazz Corner Cafe,144.956578269,-37.81124427,Melbourne (CBD),1,36,8,44
Zuppa,144.958939222,-37.81595642,Melbourne (CBD),1,22,0,22
Lakeside Bistro And Function Centre,144.951432112,-37.78427658,Parkville,1,118,240,358
Lee Ho Fook,144.971315408,-37.81559017,Melbourne (CBD),1,70,0,70
Melba Restaurant,144.966262253,-37.82066924,Southbank,1,220,0,220
Workshop Brothers,144.963338023,-37.82132921,Southbank,1,44,0,44
Hopscotch,144.963375778,-37.82092509,Southbank,4,208,260,468
Ludlow Bar & Dining Room,144.963828622,-37.82082512,Southbank,4,451,170,621
Old Man Pho,144.962891358,-37.82104029,Southbank,3,218,187,405
BondStore Cafe,144.963874356,-37.82193588,Southbank,1,60,14,74
KFC,144.958342688,-37.82559018,Southbank,4,538,0,538
Mezzi Bar,144.966881293,-37.82169185,Southbank,1,40,0,40
Paris By Night,144.965113147,-37.8225552,Southbank,2,100,0,100
Dee Casa,144.963582557,-37.82348388,Southbank,1,40,0,40
Ten BBQ & Hotpot Buffet,144.963252968,-37.82376393,Southbank,2,145,0,145
Mr Summit,144.962678206,-37.82425012,Southbank,1,19,12,31
House Of Cards,144.961237256,-37.82577603,Southbank,1,10,18,28
A Treat of France,144.959050704,-37.82730522,Southbank,1,25,10,35
McDonalds,144.957875171,-37.82832668,Southbank,1,50,44,94
Burgertory,144.959652624,-37.82570623,Southbank,1,27,0,27
Au79 Southbank,144.959486577,-37.82590804,Southbank,1,40,8,48
Edwin Wine Bar,144.958224358,-37.8271138,Southbank,1,72,0,72
Saporito Taquito,144.966258139,-37.82261378,Southbank,1,50,18,68
Olmate’s Southbank,144.965827262,-37.82280752,Southbank,1,10,12,22
Malay Momma,144.963728712,-37.82409347,Southbank,1,50,0,50
Story So Far,144.97021525,-37.82981139,Southbank,1,16,16,32
Humbaba,144.969568044,-37.83002436,Southbank,1,30,24,54
Human Beans,144.967466569,-37.83063263,Southbank,1,28,0,28
Jubilee On Dorcas,144.966296035,-37.83070461,Southbank,1,60,30,90
Hungry Jack's,144.963860787,-37.82864999,Southbank,1,30,0,30
Queenie's Restaurant & Cafe,144.96939214,-37.82956555,Southbank,2,129,92,221
Circolo,144.959336791,-37.82786327,Southbank,1,18,8,26
Pier 35 Bar & Grill,144.905238246,-37.82481657,Port Melbourne,1,90,90,180
The Boatbuilders Yard,144.953499517,-37.82437522,Southbank,1,150,336,486
Studio Coffee,144.952378154,-37.82539976,Southbank,6,574,159,733
Lai Cafe,144.925377505,-37.82304058,Port Melbourne,2,79,8,87
La Camera,144.966262253,-37.82066924,Southbank,14,1569,618,2187
Jarrah Restaurant & Bar,144.967114686,-37.82038776,Southbank,1,85,60,145
Malthouse Theatre Cafe,144.966959082,-37.8271278,Southbank,1,100,40,140
Cafe Godot,144.966071447,-37.82539902,Southbank,1,20,0,20
Portside Deli,144.918786228,-37.82221049,Port Melbourne,1,44,8,52
Pilgrim Bar,144.968934898,-37.81865919,Melbourne (CBD),1,40,130,170
11 Inch Pizza,144.962984348,-37.81570426,Melbourne (CBD),4,146,32,178
Da Guido 365,144.962811541,-37.81581721,Melbourne (CBD),1,58,16,74
Alex Canteen,144.957205484,-37.80765748,Melbourne (CBD),2,62,6,68
Market Espresso & Trolley Hire,144.957205484,-37.80765748,Melbourne (CBD),2,46,42,88
Romeo Takeaway Cafe,144.957205484,-37.80765748,Melbourne (CBD),1,4,20,24
Drums Sri Lankan Street Food,144.957205484,-37.80765748,Melbourne (CBD),4,58,48,106
Kenangan,144.957205484,-37.80765748,Melbourne (CBD),4,91,140,231
Gami Chicken and Beer,144.956016924,-37.8134766,Melbourne (CBD),6,311,36,347
Sakura Kaiten Sushi,144.968171809,-37.8099428,Melbourne (CBD),3,132,0,132
Mellow Beans,144.970732451,-37.8091842,Melbourne (CBD),1,40,24,64
Osteria Ilaria,144.961991846,-37.81374371,Melbourne (CBD),1,75,0,75
Sake Restaurant and Bar,144.968224607,-37.82094494,Southbank,2,230,130,360
Gallery Kitchen,144.968633818,-37.82281706,Southbank,3,340,0,340
Betwixt Cafe & Bar,144.96754497,-37.82519306,Southbank,1,47,53,100
Strangers Corridor,144.974119012,-37.81087579,East Melbourne,1,60,0,60
Podium Espresso Bar & Kitchen,144.961865678,-37.80689662,Melbourne (CBD),1,57,0,57
The Mint Bar & Restaurant,144.957360919,-37.81209045,Melbourne (CBD),1,36,90,126
Mensousai Mugen,144.963649766,-37.81686635,Melbourne (CBD),2,171,0,171
Kim Sing Restaurant,144.963682753,-37.81726468,Melbourne (CBD),1,120,0,120
Pantry Thai Fusion,144.963897021,-37.81719967,Melbourne (CBD),4,284,0,284
Potto,144.951186966,-37.81501701,Docklands,8,394,25,419
Maccaroni Trattoria Italiana,144.966088099,-37.81602805,Melbourne (CBD),1,60,20,80
Rong Cha,144.97101463,-37.80814525,Melbourne (CBD),2,118,0,118
Poplar's,144.947935334,-37.77810275,Parkville,1,32,10,42
Mr Hugo,144.960280316,-37.81158232,Melbourne (CBD),1,26,0,26
The General Assembly,144.95033362,-37.82409302,Southbank,5,607,484,1091
Tom Thumb Espresso,144.972835247,-37.81485549,Melbourne (CBD),1,15,10,25
Hakata Gensuke Carlton,144.966699249,-37.80443778,Carlton,1,22,8,30
Thai City Restaurant,144.966699249,-37.80443778,Carlton,1,90,20,110
Kantin,144.966699249,-37.80443778,Carlton,1,30,16,46
Martabak Pecenongan 78 & D'Bakmie,144.966699249,-37.80443778,Carlton,1,15,10,25
D'Penyetz & D'Cendol,144.966699249,-37.80443778,Carlton,1,20,22,42
Ying Thai 2,144.966699249,-37.80443778,Carlton,1,100,20,120
Saigon Pho Carlton,144.966699249,-37.80443778,Carlton,1,35,10,45
Lambs Restaurant,144.966699249,-37.80443778,Carlton,1,85,22,107
Elchi,144.972720907,-37.8154618,Melbourne (CBD),4,330,0,330
Hi Chong Qing Cafe & Noodle Bar,144.965400643,-37.80634019,Carlton,1,20,6,26
Baci,144.958660189,-37.82312164,Southbank,22,3304,473,3777
Slate Restaurant Bar,144.957392295,-37.81531863,Melbourne (CBD),2,130,50,180
Chilangos,144.957392295,-37.81531863,Melbourne (CBD),2,54,16,70
8 Miles Cafe,144.967969426,-37.82843322,Southbank,1,30,6,36
THE LINCOLN ARMS PRIVATE DINING ROOMS,144.964294786,-37.80444613,Carlton,1,35,0,35
No. 1 Spicy Hot Pot,144.962610056,-37.80894099,Melbourne (CBD),1,22,0,22
Surasang,144.961953762,-37.80913331,Melbourne (CBD),1,250,0,250
B'Churrasco,144.961748936,-37.80919305,Melbourne (CBD),1,180,0,180
Sanjha Chulha Lahore Te Amritsar Da,144.972412935,-37.81127672,Melbourne (CBD),1,48,0,48
Gemma Simply Italian,144.968384074,-37.79752965,Carlton,1,55,15,70
Sarawak Kitchen,144.95996948,-37.807983,Melbourne (CBD),1,45,21,66
My Dumpling Meal,144.959950757,-37.80794087,Melbourne (CBD),1,30,10,40
Wild Timor Coffee Carlton,144.965258417,-37.7987209,Carlton,1,17,24,41
Bar Holiday,144.962781304,-37.80336259,Carlton,1,50,15,65
Red Chilli House,144.968888379,-37.81158263,Melbourne (CBD),1,145,0,145
Rice Workshop,144.965781281,-37.81224859,Melbourne (CBD),1,50,0,50
Crazy Wing,144.965872652,-37.81222127,Melbourne (CBD),1,70,0,70
Briscola Cafe,144.96133522,-37.80242146,Carlton,1,15,20,35
Cambodia's Kitchen,144.967567753,-37.8123356,Melbourne (CBD),1,45,0,45
Carlton Megabytes,144.965526156,-37.80671734,Carlton,1,33,6,39
Collins Kitchen,144.969846661,-37.81516811,Melbourne (CBD),1,360,0,360
Diner On Franklyn,144.956662638,-37.80967008,Melbourne (CBD),1,20,0,20
Royal Stacks,144.954037087,-37.81626997,Melbourne (CBD),1,48,0,48
Dragon Hot Pot,144.96576978,-37.80081687,Carlton,1,46,10,56
County Cafe Pty Ltd,144.958352884,-37.8130525,Melbourne (CBD),1,24,16,40
Mr & Mrs Pickles,144.910585822,-37.82634273,Port Melbourne,1,16,12,28
Cherry & Twigs,144.955837928,-37.82001952,Melbourne (CBD),1,20,0,20
Renzo's Bar Cafe Italiano,144.941261396,-37.81460532,Docklands,3,230,170,400
Achelya Cafe & Kebab Restaurant,144.942139035,-37.81434524,Docklands,2,220,78,298
Hooks At The Yarra,144.947647139,-37.82461483,Docklands,1,60,60,120
Sassone By The Riverside,144.946355947,-37.82488025,Docklands,1,60,36,96
Tram Cafe,144.952896203,-37.81327282,Melbourne (CBD),1,60,15,75
Angliss Restaurant,144.952896203,-37.81327282,Melbourne (CBD),1,150,0,150
Zouki on the Park,144.977340439,-37.81154318,East Melbourne,1,34,15,49
Amicus Espresso,144.960033983,-37.80240996,Carlton,1,12,24,36
Tong Fu Garden Melbourne,144.944447036,-37.80624547,West Melbourne (Residential),1,60,36,96
Lumen People,144.94871348,-37.80474738,North Melbourne,1,25,4,29
Claypot Kingdom,144.964765292,-37.79899938,Carlton,1,40,0,40
Brotherhood Cafe,144.940659333,-37.8149263,Docklands,2,126,58,184
Ichimaki,144.949373281,-37.81733573,Docklands,4,346,32,378
Berth,144.941842104,-37.81515588,Docklands,1,190,110,300
Cargo,144.941405106,-37.8153411,Docklands,1,80,200,280
Il Dolce Freddo,144.966699249,-37.80443778,Carlton,1,22,24,46
Frankie Walter Peta,144.962153946,-37.82167833,Southbank,8,1003,54,1057
Upstanding Citizens,144.962642984,-37.82221927,Southbank,1,70,0,70
Chilli India,144.947975341,-37.81925128,Docklands,1,70,40,110
Muli,144.971229464,-37.79476659,Carlton,1,20,0,20
18 Pence Lane,144.944965024,-37.82470448,Docklands,1,32,50,82
St Brew,144.950870472,-37.81949296,Docklands,1,128,69,197
Sunny's Deli,144.950258352,-37.81864991,Docklands,2,42,34,76
The Fresh Collective,144.969917465,-37.81784465,Melbourne (CBD),2,230,140,370
NGV Cafe,144.969917465,-37.81784465,Melbourne (CBD),1,80,0,80
Time Out Fed Square,144.969917465,-37.81784465,Melbourne (CBD),1,60,140,200
Taxi Kitchen,144.969917465,-37.81784465,Melbourne (CBD),1,160,0,160
Big Esso,144.969917465,-37.81784465,Melbourne (CBD),3,340,250,590
Operator 25,144.957162073,-37.81071591,Melbourne (CBD),1,56,18,74
Spudbar Collins Street 567,144.955727469,-37.81902044,Melbourne (CBD),9,236,160,396
Mad Duck Cafe,144.943550585,-37.82438863,Docklands,2,124,80,204
Pizze Societe,144.941274287,-37.82354217,Docklands,1,34,66,100
Cafe Gilli,144.957205484,-37.80765748,Melbourne (CBD),1,0,40,40
Sargon,144.971443019,-37.8091232,Melbourne (CBD),1,60,24,84
Mugs Alley,144.975927502,-37.81642072,East Melbourne,1,40,22,62
Norsiah's Kitchen,144.96431186,-37.80188571,Carlton,2,50,12,62
Docklands Lotus Restaurant,144.943683537,-37.81389099,Docklands,2,255,98,353
Where's Marcel?,144.965703374,-37.810658,Melbourne (CBD),1,36,0,36
Gokotta Kaffe,144.950801172,-37.82153057,Docklands,1,43,0,43
Bonnie & Duke Cafe,144.905021319,-37.82653298,Port Melbourne,1,40,8,48
Sabre Cafe,144.906335906,-37.82797655,Port Melbourne,1,56,22,78
Chocolateria San Churro QV,144.965703374,-37.810658,Melbourne (CBD),17,1287,305,1592
La Di Da,144.955624348,-37.81551353,Melbourne (CBD),1,250,80,330
Bar Scopa,144.960208799,-37.80290295,Carlton,1,16,4,20
Grocery Bar East Melbourne,144.985625385,-37.81004656,East Melbourne,2,96,45,141
China Bar Docklands,144.939410985,-37.81220918,Docklands,3,141,8,149
Igloo Cafe & St Moritz Bar,144.935632097,-37.81223228,Docklands,1,80,0,80
Fattie Prince,144.963640222,-37.80430744,Carlton,1,45,0,45
Axil Coffee Roasters,144.962944195,-37.81491502,Melbourne (CBD),4,243,10,253
Koko,144.958660189,-37.82312164,Southbank,4,534,0,534
Edwin's Cafe,144.982385438,-37.82487805,Melbourne (Remainder),1,150,24,174
Biryani House,144.953629457,-37.81236188,West Melbourne (Residential),1,42,0,42
Impresso Cafe,144.953598901,-37.81229603,West Melbourne (Residential),1,16,8,24
Harbour Cafe,144.947217029,-37.81817241,Docklands,1,64,20,84
Pizza Hut Docklands,144.947975341,-37.81925128,Docklands,4,179,30,209
Origami Sushi & Noodles,144.947217029,-37.81817241,Docklands,7,181,112,293
Bolte Cafe & Kebab,144.930953536,-37.82210926,Port Melbourne,1,52,24,76
The Sri Lounge,144.93905572,-37.81518961,Docklands,2,270,150,420
Aim Thai,144.940199413,-37.81427742,Docklands,4,160,16,176
Rye Cafe,144.915521168,-37.78257295,Kensington,3,200,50,250
24 Atoms,144.920988022,-37.82600955,Port Melbourne,5,126,127,253
Cafe La Kiss,144.948472468,-37.82183078,Docklands,1,71,32,103
Sushi-Ya,144.970109211,-37.81281453,Melbourne (CBD),5,263,178,441
Bluebag,144.970732451,-37.8091842,Melbourne (CBD),5,160,50,210
Blended Beard,144.943968986,-37.81927362,Docklands,2,128,53,181
Nisa's Thai Street Food,144.962090701,-37.80728963,Melbourne (CBD),2,124,14,138
Sergy Boy,144.951576469,-37.82019801,Docklands,5,172,58,230
Krispy Kreme,144.95469003,-37.81929311,Melbourne (CBD),1,28,4,32
Pearson And Murphy's Cafe,144.964543533,-37.80818156,Melbourne (CBD),1,76,80,156
The Drum,144.964543533,-37.80818156,Melbourne (CBD),1,88,0,88
The Bowen St Cafe,144.964543533,-37.80818156,Melbourne (CBD),2,53,0,53
tokyo yokocho,144.964543533,-37.80818156,Melbourne (CBD),2,96,3,99
My Koala Cafe,144.944961198,-37.81396231,Docklands,3,38,41,79
Coffee Gauge,144.944144701,-37.82029136,Docklands,1,68,16,84
D G Expresso,144.943459922,-37.82044557,Docklands,5,273,113,386
An Di Docklands,144.943788121,-37.82092615,Docklands,3,188,30,218
O-Bento,144.948951865,-37.81914692,Docklands,4,298,96,394
Platform 28,144.949821292,-37.81921015,Docklands,1,370,90,460
Pok Pok,144.945620861,-37.81974585,Docklands,1,90,15,105
Caffe Bambino Docklands,144.944683539,-37.81993674,Docklands,3,20,52,72
Caffe Esc,144.945764329,-37.82205735,Docklands,5,301,141,442
Noulboo Korean chicken & pork,144.956518441,-37.82099397,Melbourne (CBD),4,157,20,177
Roccella,144.984161853,-37.81229599,East Melbourne,1,200,0,200
Zouki Cafe,144.984161853,-37.81229599,East Melbourne,1,15,15,30
Coffee N All Customs House,144.945340212,-37.81453857,Docklands,1,54,30,84
The Espressonist,144.943550585,-37.82438863,Docklands,1,100,70,170
Kensington Canteen,144.93036435,-37.79956864,Kensington,1,30,12,42
Vertue Coffee Roasters,144.968387293,-37.79769784,Carlton,1,80,25,105
Sakae,144.957392295,-37.81531863,Melbourne (CBD),5,64,92,156
The Grazing Paddock Cafe,144.916890323,-37.78417751,Kensington,1,38,0,38
La Tortilleria,144.93530104,-37.79142188,Kensington,1,30,10,40
Melba Social,144.928633019,-37.79404162,Kensington,1,80,0,80
Chicken Episode 2.5,144.928699415,-37.79404907,Kensington,1,24,0,24
Brewtech,144.935277724,-37.79000411,Kensington,1,24,0,24
Luncheonette Cafe,144.931113097,-37.79436218,Kensington,1,12,8,20
Argi Cafe By Lady G,144.9291382,-37.79407422,Kensington,1,24,4,28
London K Burgers,144.929970327,-37.79424521,Kensington,1,18,0,18
The Premises Espresso,144.93017684,-37.79426147,Kensington,1,70,16,86
Fruits Of Passion,144.92999321,-37.79392952,Kensington,1,40,33,73
White Rabbit Record Bar,144.929934732,-37.7936563,Kensington,1,35,41,76
La Galeria Cafe And Tapas,144.929929238,-37.79360999,Kensington,1,16,6,22
Pimm Thai Cafe,144.929915372,-37.79353782,Kensington,1,22,10,32
URBAN FOODIES PTY LTD,144.937871966,-37.79165579,North Melbourne,1,28,0,28
Mr Tucker,144.941402664,-37.79501722,North Melbourne,1,40,28,68
Mama Le,144.935841738,-37.7914562,Kensington,1,94,0,94
Cafe Bourgeois,144.941196687,-37.81308482,Docklands,1,50,16,66
Isabella,144.955040398,-37.79885182,Parkville,1,80,36,116
Blondie Bar,144.967877726,-37.82413111,Southbank,1,50,80,130
Miss Pearl Bar And Dining,144.967877726,-37.82413111,Southbank,1,110,32,142
Yassas,144.93675199,-37.81174852,Docklands,4,321,128,449
Archer's,144.937857365,-37.8131707,Docklands,2,64,0,64
Dohtonbori,144.937857365,-37.8131707,Docklands,8,447,118,565
Nando's,144.937857365,-37.8131707,Docklands,2,85,50,135
Old Man Pho,144.937857365,-37.8131707,Docklands,3,160,136,296
The Potter Espresso Bar,144.961258672,-37.79738772,Parkville,1,18,66,84
Tokyo 7 Japanese Restaurant,144.956601159,-37.81015871,Melbourne (CBD),2,61,0,61
Charlie bit me,144.945046845,-37.82100111,Docklands,4,246,42,288
Market Cafe / Station Cafe / Mercury Restaurant,144.971635508,-37.80401887,Carlton,1,215,20,235
Cafe Orr,144.952378154,-37.82539976,Southbank,2,206,68,274
Saluministi,144.941406774,-37.82007613,Docklands,1,44,12,56
Crisp Creative Salad,144.970109211,-37.81281453,Melbourne (CBD),2,7,57,64
Ayams Chef,144.967959041,-37.82998246,Southbank,2,120,64,184
Capri Cafe & Lounge,144.942989624,-37.81354365,Docklands,1,70,12,82
Journeys Cafe by ASRC,144.961258672,-37.79738772,Parkville,1,20,0,20
Long Shot,144.950091314,-37.82068417,Docklands,2,105,0,105
Mr Collins,144.94943448,-37.82089145,Docklands,4,172,59,231
Cafenatics Forte,144.945066127,-37.81970478,Docklands,2,108,16,124
Cafenatics,144.94676167,-37.81384278,Docklands,1,96,0,96
Little Bean Dockside,144.944532756,-37.82092961,Docklands,1,75,0,75
Focaccino,144.949017581,-37.81792089,Docklands,3,103,22,125
Rathdowne & Reeves Cafe,144.970767327,-37.79366098,Carlton,1,48,22,70
Dr Dax Kitchen,144.961258672,-37.79738772,Parkville,1,100,50,150
Hualu Peking Duck,144.959762876,-37.80988902,Melbourne (CBD),1,130,0,130
Red Rooster Westgate,144.917194113,-37.82984781,Port Melbourne,2,110,0,110
Sushi & Nori,144.949832512,-37.82131456,Docklands,1,24,0,24
Higher Ground,144.953525588,-37.81537494,Melbourne (CBD),3,290,42,332
Lang Baan,144.953525588,-37.81537494,Melbourne (CBD),2,214,6,220
Laurus - Lou Mei Fun,144.961940792,-37.80614561,Carlton,2,155,0,155
The Glasshouse Eatery,144.982385438,-37.82487805,Melbourne (Remainder),1,70,46,116
Barkada,144.960948366,-37.81131628,Melbourne (CBD),3,88,6,94
Sinjeon K Street Food Cbd,144.960948366,-37.81131628,Melbourne (CBD),1,32,0,32
Shujinko,144.967136218,-37.81134264,Melbourne (CBD),1,48,0,48
KereKere Green,144.980455702,-37.81296163,East Melbourne,1,40,30,70
Coffee On Cardigan,144.963957764,-37.80593475,Carlton,1,20,68,88
Chilangos Mexican Cantina Docklands,144.943933222,-37.82163103,Docklands,4,279,41,320
Yummy Hut,144.947536811,-37.81486994,Docklands,2,48,0,48
Billy Barista,144.94250585,-37.82059451,Docklands,1,16,6,22
My Goodness Pizzas And Burgers,144.953525588,-37.81537494,Melbourne (CBD),5,221,94,315
Cocobei,144.939704199,-37.8147229,Docklands,1,45,24,69
My Bao Handmade Pastry,144.950604342,-37.80951681,West Melbourne (Residential),1,26,0,26
Square One,144.957538457,-37.81866171,Melbourne (CBD),4,166,60,226
Vue de monde / The Lui Bar,144.957538457,-37.81866171,Melbourne (CBD),1,30,0,30
Angkor,144.949895376,-37.81158829,West Melbourne (Residential),1,39,0,39
10 Hoff Cafe,144.963565642,-37.82580013,Southbank,1,30,10,40
B & B' Guette Cafe,144.968771771,-37.80881313,Melbourne (CBD),2,51,12,63
Axil Coffee Roasters,144.959868643,-37.8180082,Melbourne (CBD),1,45,0,45
Culprit,144.959868643,-37.8180082,Melbourne (CBD),2,56,0,56
First Love Coffee Collins St,144.959868643,-37.8180082,Melbourne (CBD),1,7,16,23
Yakimono,144.970722603,-37.81360963,Melbourne (CBD),1,252,87,339
MORENA,144.970722603,-37.81360963,Melbourne (CBD),5,203,38,241
Pepper Lunch,144.952954607,-37.81437529,Melbourne (CBD),3,92,0,92
Yaki Nau,144.959099041,-37.81002684,Melbourne (CBD),1,80,0,80
Shiraaz By Rajputana,144.948450986,-37.81025507,West Melbourne (Residential),1,80,0,80
The Studio Beans,144.948450986,-37.81025507,West Melbourne (Residential),1,30,6,36
Cosmos Pizza,144.961258672,-37.79738772,Parkville,1,36,0,36
